1,ol_srna_tmm2_k837y
2,ol_srna_tmm3_k740y
3,ol_srna_tmm4_k569y
4,ol_srna_tmm5_k701g
5,ol_srna_tmm6_k673g
6,ol_srna_tmm7_k583g
7,ol_srna_tmm8_k827y
8,ol_srna_tmm9_k140y
9,ol_srna_tmm15_k761t
10,ol_srna_tmm15_k761u
11,ol_srna_tmm15_k868a
12,ol_srna_tmm15_k868b
13,ol_srna_tmm15_k868c
14,ol_srna_tmm16_k753a
15,ol_srna_tmm16_k753b
16,ol_srna_tmm16_k753c
17,ol_srna_tmm16_k879a
18,ol_srna_tmm16_k879b
19,ol_srna_tmm16_k879b2
20,ol_srna_tmm16_k879c
21,ol_srna_tmm16_k967a
22,ol_srna_tmm16_k967b
23,ol_srna_tmm16_k967c
24,ol_srna_tmm17_k604a
25,ol_srna_tmm17_k604b
26,ol_srna_tmm17_k604b2
27,ol_srna_tmm17_k604c
28,ol_srna_tmm17_k604c2
29,ol_srna_tmm17_k979a
30,ol_srna_tmm17_k979b
31,ol_srna_tmm17_k979c
32,ol_srna_tmm18_k063g2
33,ol_srna_tmm18_k063y2
34,ol_srna_tmm18_k124g2
35,ol_srna_tmm18_k124y2
36,ol_srna_tmm18_k585g2
37,ol_srna_tmm18_k585y2
38,ol_srna_tmm18_k628g2
39,ol_srna_tmm18_k628y2
40,ol_srna_tmm18_k666g2
41,ol_srna_tmm18_k666y2
42,ol_srna_tmm18_k668g2
43,ol_srna_tmm18_k668y2
44,ol_srna_tmm18_k755g2
45,ol_srna_tmm18_k755y2
46,ol_srna_tmm18_k757g2
47,ol_srna_tmm18_k757y2
48,ol_srna_tmm19_k091g2
49,ol_srna_tmm19_k590y2
50,ol_srna_tmm19_k606c2
51,ol_srna_tmm19_k668g2
52,ol_srna_tmm19_k721g2
53,ol_srna_tmm19_k782y2
54,ol_srna_tmm19_k793g2
55,ol_srna_tmm19_k837y2
56,ol_srna_tmm19_k914a2
57,ol_srna_tmm20_k582g2
58,ol_srna_tmm20_k582y2
59,ol_srna_tmm20_k605g2
60,ol_srna_tmm20_k605y2
61,ol_srna_tmm20_k658g2
62,ol_srna_tmm20_k658y2
63,ol_srna_tmm20_k723g2
64,ol_srna_tmm20_k723y2
65,ol_srna_tmm20_k745g2
66,ol_srna_tmm20_k745y2
67,ol_srna_tmm20_k765g2
68,ol_srna_tmm20_k765y2
69,ol_srna_tmm20_k795g2
70,ol_srna_tmm20_k795y2
71,ol_srna_tmm20_k837g2
72,ol_srna_tmm20_k837y2